{"cameraMode":{"drawMode":0,"name":"Shaded","section":"Shading Mode"},"sceneLighting":true,"audioPlay":false,"sceneViewState":{"m_AlwaysRefresh":false,"showFog":true,"showSkybox":true,"showFlares":true,"showImageEffects":true,"showParticleSystems":true,"showVisualEffectGraphs":true,"m_FxEnabled":true},"in2DMode":false,"pivot":{"x":-31.90621566772461,"y":3.3315980434417726,"z":68.85432434082031},"rotation":{"x":0.0014457072829827667,"y":-0.9971056580543518,"z":0.04610154405236244,"w":0.07249434292316437},"size":4.13425350189209,"orthographic":false}